,Proto-Waiwaian \**k-*,Proto-Pekodian \**k-*,Proto-Tiriyoan \**t-*,Akuriyó *k-*,Karijona *j-*,Yukpa *j-*
DETRZ,1.0,1.0,0.8333333333333334,0.8333333333333334,0.6,0.3333333333333333
DETRZ+freq,1.0,1.0,1.0,0.8333333333333334,0.6,0.3333333333333333
phono,0.6,0.7142857142857143,0.6666666666666666,1.0,1.0,1.0
phono+freq,1.0,1.0,1.0,1.0,0.6,0.3333333333333333
infl,0.2,0.0,0.16666666666666666,1.0,0.4,0.6666666666666666
infl+freq,1.0,0.7142857142857143,1.0,1.0,0.6,0.3333333333333333
