,Proto-Waiwaian \**k-*,Proto-Pekodian \**k-*,Proto-Tiriyoan \**t-*,Akuriyó *k-*,Karijona *j-*,Yukpa *j-*
DETRZ,100.0,100.0,83.33333333333334,83.33333333333334,60.0,33.33333333333333
DETRZ+freq,100.0,100.0,100.0,83.33333333333334,60.0,33.33333333333333
phono,60.0,71.42857142857143,66.66666666666666,100.0,100.0,100.0
phono+freq,100.0,100.0,100.0,100.0,60.0,33.33333333333333
infl,20.0,0.0,16.666666666666664,100.0,40.0,66.66666666666666
infl+freq,100.0,71.42857142857143,100.0,100.0,60.0,33.33333333333333
