,*to* 'go',*a* 'be',*e* 'be',Score 
phono,✓,✓,✓,✓
infl,×,✓,✓,0.6666666666666666
DETRZ,✓,×,×,0.3333333333333333
DETRZ+freq,✓,×,×,0.3333333333333333
phono+freq,✓,×,×,0.3333333333333333
infl+freq,✓,×,×,0.3333333333333333
